{"cameraMode":{"drawMode":0,"name":"Shaded","section":"Shading Mode"},"sceneLighting":false,"audioPlay":false,"sceneViewState":{"showFog":false,"showMaterialUpdate":false,"showSkybox":false,"showFlares":false,"showImageEffects":false,"showParticleSystems":false},"in2DMode":false,"pivot":{"x":-0.50225830078125,"y":1.9857025146484376,"z":-0.05908203125},"rotation":{"x":-0.010480915196239949,"y":0.05996068939566612,"z":0.0006296107894740999,"w":0.9981454014778137},"size":2.522129774093628,"orthographic":true}